<?xml version="1.0" encoding="UTF-8"?>

<beans xmlns="http://www.springframework.org/schema/beans"
	xmlns:xsi="http://www.w3.org/2001/XMLSchema-instance"
	xsi:schemaLocation="http://www.springframework.org/schema/beans   http://www.springframework.org/schema/beans/spring-beans.xsd">


	<bean id="processEngineConfiguration"
		class="org.activiti.engine.impl.cfg.StandaloneProcessEngineConfiguration">
		<property name="jdbcUrl" value="jdbc:mysql://localhost:3306/act" />
		<property name="jdbcDriver" value="com.mysql.jdbc.Driver" />
		<property name="jdbcUsername" value="root" />
		<property name="jdbcPassword" value="123456" />
		<property name="mailServerHost" value="smtp.163.com"></property>
		<property name="mailServerPort" value="25"></property>
		<property name="mailServerDefaultFrom" value="yangenxiong@163.com"></property>
		<property name="mailServerUsername" value="yangenxiong@163.com"></property>
		<property name="mailServerPassword" value="123456"></property>
	</bean>

</beans>
