<?xml version="1.0" encoding="UTF-8"?>
<beans xmlns="http://www.springframework.org/schema/beans"
    xmlns:xsi="http://www.w3.org/2001/XMLSchema-instance" xmlns:context="http://www.springframework.org/schema/context"
    xmlns:tx="http://www.springframework.org/schema/tx" xmlns:jee="http://www.springframework.org/schema/jee"
    xsi:schemaLocation="http://www.springframework.org/schema/beans http://www.springframework.org/schema/beans/spring-beans.xsd
       http://www.springframework.org/schema/context http://www.springframework.org/schema/context/spring-context.xsd
       http://www.springframework.org/schema/tx http://www.springframework.org/schema/tx/spring-tx.xsd
       http://www.springframework.org/schema/jee http://www.springframework.org/schema/jee/spring-jee.xsd">

    <!-- 配置数据源的bean -->
    <bean id="dataSource" class="com.mchange.v2.c3p0.ComboPooledDataSource">
        <property name="driverClass" value="com.mysql.jdbc.Driver" />
        <property name="jdbcUrl" value="jdbc:mysql://localhost:3306/ACT" />
        <property name="user" value="root" />
        <property name="password" value="123456" />
    </bean>

    <!-- 配置事务管理器 -->
    <bean id="transactionManager" class="org.springframework.orm.jpa.JpaTransactionManager">
        <property name="entityManagerFactory" ref="entityManagerFactory"/>
    </bean>

    <!-- 配置实体管理工厂 -->
    <bean id="entityManagerFactory"
        class="org.springframework.orm.jpa.LocalContainerEntityManagerFactoryBean">
        <property name="dataSource" ref="dataSource" />
    </bean>


    <!-- Activiti的bean -->
    <!-- 流程引擎的配置bean -->
    <bean id="processEngineConfiguration" class="org.activiti.spring.SpringProcessEngineConfiguration">
        <property name="dataSource" ref="dataSource" />
        <property name="databaseSchemaUpdate" value="true" />
        <property name="transactionManager" ref="transactionManager" />
        <property name="jpaEntityManagerFactory" ref="entityManagerFactory" />
        <property name="jpaHandleTransaction" value="false" />
        <property name="jpaCloseEntityManager" value="false" />
    </bean>
    <!-- 流程引擎的bean -->
    <bean id="processEngine" class="org.activiti.spring.ProcessEngineFactoryBean">
        <property name="processEngineConfiguration" ref="processEngineConfiguration" />
    </bean>
    <!-- 服务组件的bean -->
    <bean id="repositoryService" factory-bean="processEngine"
        factory-method="getRepositoryService" />
    <bean id="runtimeService" factory-bean="processEngine"
        factory-method="getRuntimeService" />
    <bean id="taskService" factory-bean="processEngine"
        factory-method="getTaskService" />
    <bean id="historyService" factory-bean="processEngine"
        factory-method="getHistoryService" />
    <bean id="managementService" factory-bean="processEngine"
        factory-method="getManagementService" />


    <bean id="testAction" class="org.crazyit.act.aw.action.TestAction">
        <property name="personService" ref="personService"></property>
        <property name="taskService" ref="taskService"></property>
    </bean>

    <bean id="personDao" class="org.crazyit.act.aw.dao.impl.PersonDaoImpl">
    </bean>

    <bean id="personService" class="org.crazyit.act.aw.service.impl.PersonServiceImpl">
        <property name="personDao" ref="personDao"></property>
    </bean>

    <context:component-scan base-package="org.crazyit.act.aw" />

</beans>